WORKGROUP;ms
16;8.45501
32;4.29466
64;3.89392
128;4.53734
256;4.08758
